City_ID,City,Country,Lat,Lng,Max Temp,Humidity,Cloudiness,Wind Speed,Current Description,Date
0,Puerto Ayora,EC,-0.7393,-90.3518,69.55,95,58,5.99,broken clouds,2022-07-29 01:38:15
1,Rikitea,PF,-23.1203,-134.9692,73.26,75,6,21.16,light rain,2022-07-29 01:38:15
2,Esperance,AU,-33.8667,121.9,63.9,73,93,15.05,light rain,2022-07-29 01:38:16
3,Port Macquarie,AU,-31.4333,152.9167,63.9,44,9,13.65,clear sky,2022-07-29 01:38:16
4,Klyuchi,RU,52.2667,79.1667,72.12,50,63,11.95,broken clouds,2022-07-29 01:38:16
5,Hithadhoo,MV,-0.6,73.0833,81.88,73,100,13.44,overcast clouds,2022-07-29 01:38:17
6,Dodge City,US,37.7528,-100.0171,78.69,68,95,8.01,overcast clouds,2022-07-29 01:38:17
7,Yinchuan,CN,38.4681,106.2731,84.81,29,1,8.75,clear sky,2022-07-29 01:38:17
8,Iqaluit,CA,63.7506,-68.5145,49.73,71,75,2.3,broken clouds,2022-07-29 01:38:18
9,Mar Del Plata,AR,-38.0023,-57.5575,48.22,94,100,13.8,drizzle,2022-07-29 01:38:18
10,Barrow,US,71.2906,-156.7887,35.62,93,100,13.8,mist,2022-07-29 01:38:18
11,Te Anau,NZ,-45.4167,167.7167,44.64,85,87,4.27,moderate rain,2022-07-29 01:38:19
12,Bemidji,US,47.4736,-94.8803,61.38,95,40,0.0,scattered clouds,2022-07-29 01:35:53
13,Kavieng,PG,-2.5744,150.7967,84.76,70,51,16.64,broken clouds,2022-07-29 01:38:19
14,Langxiang,CN,46.95,128.8833,76.77,92,100,3.04,overcast clouds,2022-07-29 01:38:19
15,Longyearbyen,SJ,78.2186,15.6401,42.64,81,75,11.5,light intensity drizzle rain,2022-07-29 01:38:20
16,Yellowknife,CA,62.456,-114.3525,68.52,40,75,9.22,broken clouds,2022-07-29 01:38:20
17,Buchanan,LR,5.8808,-10.0467,73.83,74,55,7.9,broken clouds,2022-07-29 01:38:20
18,Lavrentiya,RU,65.5833,-171.0,46.22,86,99,4.59,overcast clouds,2022-07-29 01:38:21
19,Asyut,EG,27.181,31.1837,82.58,19,57,5.28,broken clouds,2022-07-29 01:38:21
20,Pontes E Lacerda,BR,-15.2261,-59.3353,70.59,40,12,1.41,few clouds,2022-07-29 01:38:21
21,Tasiilaq,GL,65.6145,-37.6368,39.36,95,100,3.74,overcast clouds,2022-07-29 01:38:22
22,Broken Hill,AU,-31.95,141.4333,54.75,40,100,8.63,overcast clouds,2022-07-29 01:38:22
23,Bengkulu,ID,-3.8004,102.2655,81.79,72,69,2.91,broken clouds,2022-07-29 01:38:22
24,La Ronge,CA,55.1001,-105.2842,77.25,44,75,5.75,broken clouds,2022-07-29 01:33:29
25,Chokurdakh,RU,70.6333,147.9167,60.85,31,100,14.38,overcast clouds,2022-07-29 01:38:23
26,Ust-Karsk,RU,52.7011,118.8077,74.98,44,1,3.87,clear sky,2022-07-29 01:38:23
27,Purpe,RU,64.4803,76.6897,66.13,63,10,9.24,clear sky,2022-07-29 01:38:24
28,Taltal,CL,-25.4,-70.4833,58.1,79,88,1.34,overcast clouds,2022-07-29 01:38:24
29,Mataura,NZ,-46.1927,168.8643,47.48,80,97,4.23,overcast clouds,2022-07-29 01:38:24
30,Port Elizabeth,ZA,-33.918,25.5701,59.31,70,0,4.61,clear sky,2022-07-29 01:38:25
31,Bredasdorp,ZA,-34.5322,20.0403,55.0,64,2,12.12,clear sky,2022-07-29 01:38:25
32,Hobart,AU,-42.8794,147.3294,48.06,64,20,14.97,few clouds,2022-07-29 01:35:27
33,Saint-Philippe,RE,-21.3585,55.7679,65.21,82,37,7.67,scattered clouds,2022-07-29 01:38:25
34,Ushuaia,AR,-54.8,-68.3,38.86,81,40,9.22,light rain,2022-07-29 01:38:26
35,Kapaa,US,22.0752,-159.319,84.18,78,75,8.05,broken clouds,2022-07-29 01:38:26
36,Cedar City,US,37.6775,-113.0619,71.4,60,75,8.05,broken clouds,2022-07-29 01:34:04
37,Jamestown,US,42.097,-79.2353,76.59,51,0,8.05,clear sky,2022-07-29 01:35:58
38,Ancud,CL,-41.8697,-73.8203,44.22,79,100,4.47,overcast clouds,2022-07-29 01:34:15
39,Portland,US,45.5234,-122.6762,97.95,47,20,8.05,few clouds,2022-07-29 01:38:27
40,Micheweni,TZ,-4.9667,39.8333,72.66,85,68,8.1,broken clouds,2022-07-29 01:38:27
41,San Andres,CO,12.5847,-81.7006,82.42,83,40,5.75,scattered clouds,2022-07-29 01:37:41
42,Hermosillo,MX,29.0667,-110.9667,75.11,88,100,9.22,light rain,2022-07-29 01:35:29
43,Braganca,BR,-1.0536,-46.7656,72.68,98,19,2.01,few clouds,2022-07-29 01:38:28
44,Alofi,NU,-19.0595,-169.9187,78.69,73,75,17.27,broken clouds,2022-07-29 01:38:28
45,Pocone,BR,-16.2567,-56.6228,74.32,30,10,0.85,clear sky,2022-07-29 01:38:28
46,Byron Bay,AU,-28.65,153.6167,65.71,55,0,1.68,clear sky,2022-07-29 01:34:54
47,Tres Arroyos,AR,-38.3739,-60.2798,40.15,73,5,7.07,clear sky,2022-07-29 01:38:29
48,Torbay,CA,47.6666,-52.7314,54.75,93,100,11.5,mist,2022-07-29 01:38:29
49,Vaini,TO,-21.2,-175.2,80.76,89,40,10.36,scattered clouds,2022-07-29 01:39:30
50,Tuktoyaktuk,CA,69.4541,-133.0374,44.6,87,100,14.97,overcast clouds,2022-07-29 01:39:30
51,Cardston,CA,49.2,-113.3019,82.54,47,13,12.66,few clouds,2022-07-29 01:35:40
52,Hambantota,LK,6.1241,81.1185,77.34,100,75,3.44,broken clouds,2022-07-29 01:39:30
53,Cordoba,AR,-31.4135,-64.1811,51.76,53,0,9.22,clear sky,2022-07-29 01:35:35
54,Rosarito,MX,32.3333,-117.0333,81.25,69,6,9.1,clear sky,2022-07-29 01:37:55
55,Cherskiy,RU,68.75,161.3,62.92,34,58,4.32,broken clouds,2022-07-29 01:39:31
56,New Norfolk,AU,-42.7826,147.0587,47.71,46,60,8.1,broken clouds,2022-07-29 01:39:31
57,Castro,BR,-24.7911,-50.0119,59.32,69,57,5.46,broken clouds,2022-07-29 01:39:32
58,Busselton,AU,-33.65,115.3333,60.24,59,93,19.17,overcast clouds,2022-07-29 01:39:32
59,Georgetown,MY,5.4112,100.3354,84.13,85,20,2.3,few clouds,2022-07-29 01:35:32
60,Novopavlovka,RU,51.2172,109.2091,68.41,52,62,2.55,broken clouds,2022-07-29 01:39:33
61,Hermanus,ZA,-34.4187,19.2345,60.8,76,100,21.97,overcast clouds,2022-07-29 01:39:33
62,Taganak,PH,6.0833,118.3,84.34,79,83,5.41,broken clouds,2022-07-29 01:39:33
63,Gladstone,AU,-23.85,151.25,69.73,46,50,6.91,scattered clouds,2022-07-29 01:39:34
64,Leningradskiy,RU,69.3833,178.4167,43.41,73,77,9.8,broken clouds,2022-07-29 01:39:34
65,China,MX,25.7,-99.2333,87.53,50,9,26.66,clear sky,2022-07-29 01:39:34
66,Atuona,PF,-9.8,-139.0333,76.51,79,34,22.73,light rain,2022-07-29 01:39:35
67,Trhove Sviny,CZ,48.8423,14.6392,64.35,91,100,1.86,overcast clouds,2022-07-29 01:39:35
68,Saint George,US,37.1041,-113.5841,90.19,35,75,24.16,broken clouds,2022-07-29 01:39:35
69,Venado Tuerto,AR,-33.7456,-61.9688,48.76,49,0,7.92,clear sky,2022-07-29 01:39:36
70,Lodja,CD,-3.4833,23.4333,69.87,89,100,1.63,overcast clouds,2022-07-29 01:39:36
71,Punta Arenas,CL,-53.15,-70.9167,41.11,81,40,24.16,scattered clouds,2022-07-29 01:39:36
72,Pevek,RU,69.7008,170.3133,40.78,76,100,6.08,overcast clouds,2022-07-29 01:39:37
73,Pindwara,IN,24.8,73.0667,78.12,85,100,6.29,overcast clouds,2022-07-29 01:39:37
74,Prince Rupert,CA,54.3161,-130.3201,67.69,79,0,16.11,clear sky,2022-07-29 01:39:38
75,Xiaoweizhai,CN,26.1903,107.5125,79.14,82,2,1.39,clear sky,2022-07-29 01:39:38
76,Umm Kaddadah,SD,13.6017,26.6876,79.92,61,100,10.02,light rain,2022-07-29 01:39:38
77,Avarua,CK,-21.2078,-159.775,78.85,73,40,23.02,scattered clouds,2022-07-29 01:39:39
78,Goundam,ML,16.4145,-3.6708,80.37,71,43,23.13,light rain,2022-07-29 01:39:39
79,Machico,PT,32.7,-16.7667,72.23,85,40,14.97,scattered clouds,2022-07-29 01:39:39
80,Levikha,RU,57.5836,59.9003,55.69,80,66,5.41,broken clouds,2022-07-29 01:39:40
81,Kinarut,MY,5.8231,116.0466,84.22,74,20,2.3,few clouds,2022-07-29 01:39:40
82,Kavaratti,IN,10.5669,72.642,80.71,82,90,13.89,overcast clouds,2022-07-29 01:39:40
83,Albany,US,42.6001,-73.9662,74.05,96,4,3.89,clear sky,2022-07-29 01:35:19
84,Bluff,NZ,-46.6,168.3333,47.8,87,98,15.9,moderate rain,2022-07-29 01:39:41
85,Nikolskoye,RU,59.7035,30.7861,55.29,98,18,3.89,few clouds,2022-07-29 01:39:41
86,Waipawa,NZ,-41.4122,175.5153,53.92,62,2,15.64,clear sky,2022-07-29 01:39:41
87,Lompoc,US,34.6391,-120.4579,76.69,80,20,14.97,few clouds,2022-07-29 01:35:56
88,Vila Franca Do Campo,PT,37.7167,-25.4333,72.01,91,12,4.32,few clouds,2022-07-29 01:39:42
89,Smithers,CA,54.7804,-127.1743,88.12,29,20,8.05,few clouds,2022-07-29 01:35:09
90,East London,ZA,-33.0153,27.9116,67.77,56,0,9.91,clear sky,2022-07-29 01:39:42
91,Ribeira Grande,PT,38.5167,-28.7,72.9,79,13,3.76,few clouds,2022-07-29 01:39:43
92,Ankpa,NG,7.3706,7.6253,69.37,97,98,6.76,overcast clouds,2022-07-29 01:39:43
93,Haines Junction,CA,60.7522,-137.5108,66.15,45,99,4.61,overcast clouds,2022-07-29 01:40:44
94,Upernavik,GL,72.7868,-56.1549,41.65,74,93,7.25,overcast clouds,2022-07-29 01:40:44
95,Qaanaaq,GL,77.484,-69.3632,39.16,73,44,0.87,scattered clouds,2022-07-29 01:40:44
96,Boa Vista,BR,2.8197,-60.6733,78.78,78,75,2.3,broken clouds,2022-07-29 01:40:45
97,Butaritari,KI,3.0707,172.7902,81.95,73,60,15.46,broken clouds,2022-07-29 01:40:45
98,Palasa,IN,18.7667,84.4167,84.04,73,59,5.35,broken clouds,2022-07-29 01:40:45
99,Isangel,VU,-19.55,169.2667,76.78,82,100,12.55,overcast clouds,2022-07-29 01:40:45
100,Seymchan,RU,62.8833,152.4333,65.25,36,9,15.32,clear sky,2022-07-29 01:40:46
101,Cape Town,ZA,-33.9258,18.4232,57.61,85,75,21.85,moderate rain,2022-07-29 01:39:49
102,Maizieres-Les-Metz,FR,49.2075,6.1605,67.24,73,34,1.41,scattered clouds,2022-07-29 01:40:46
103,Camacha,PT,33.0833,-16.3333,67.42,88,40,14.97,scattered clouds,2022-07-29 01:40:47
104,Carnarvon,AU,-24.8667,113.6333,71.37,60,100,3.98,light rain,2022-07-29 01:40:47
105,Turochak,RU,52.2576,87.1224,67.71,62,45,2.48,scattered clouds,2022-07-29 01:40:47
106,Port Hedland,AU,-20.3167,118.5667,73.45,20,0,14.97,clear sky,2022-07-29 01:39:01
107,Hilo,US,19.7297,-155.09,82.27,70,20,8.05,few clouds,2022-07-29 01:37:11
108,Nuevo Progreso,MX,23.1667,-97.95,83.53,63,39,1.01,scattered clouds,2022-07-29 01:40:48
109,Lebu,CL,-37.6167,-73.65,47.84,87,7,18.5,clear sky,2022-07-29 01:40:49
110,Kaeo,NZ,-35.1,173.7833,60.39,61,48,7.81,scattered clouds,2022-07-29 01:40:49
111,Kodiak,US,57.79,-152.4072,65.71,39,0,4.61,clear sky,2022-07-29 01:40:49
112,Ponta Do Sol,PT,32.6667,-17.1,72.72,81,4,3.49,clear sky,2022-07-29 01:40:50
113,Palmer,US,42.1584,-72.3287,78.35,86,75,3.44,broken clouds,2022-07-29 01:40:50
114,Verkhniy Landekh,RU,56.8389,42.5994,62.51,97,14,3.69,few clouds,2022-07-29 01:40:50
115,Dukat,RU,62.55,155.55,51.85,60,97,6.98,light rain,2022-07-29 01:40:51
116,Antibes,FR,43.5624,7.1278,78.28,61,0,5.75,clear sky,2022-07-29 01:40:51
117,Caluquembe,AO,-13.7833,14.6833,53.1,73,53,0.49,broken clouds,2022-07-29 01:40:52
118,Ostrovnoy,RU,68.0531,39.5131,50.29,86,100,13.76,overcast clouds,2022-07-29 01:40:52
119,San Patricio,US,28.017,-97.5169,87.84,70,100,14.14,overcast clouds,2022-07-29 01:39:06
120,Campos Gerais,BR,-21.235,-45.7586,59.95,56,54,2.33,broken clouds,2022-07-29 01:40:53
121,Labuhan,ID,-6.8844,112.2051,81.99,70,95,7.99,overcast clouds,2022-07-29 01:40:53
122,Chimbote,PE,-9.0853,-78.5783,61.39,87,19,10.16,few clouds,2022-07-29 01:40:53
123,Paamiut,GL,61.994,-49.6678,41.95,89,100,9.13,overcast clouds,2022-07-29 01:36:45
124,Arraial Do Cabo,BR,-22.9661,-42.0278,70.81,87,16,24.49,few clouds,2022-07-29 01:40:54
125,Basoko,CD,1.2391,23.616,70.43,95,100,3.67,overcast clouds,2022-07-29 01:36:59
126,Inuvik,CA,68.3499,-133.7218,52.56,87,100,13.8,light rain,2022-07-29 01:37:54
127,Quatre Cocos,MU,-20.2078,57.7625,68.11,75,10,12.77,clear sky,2022-07-29 01:40:55
128,Kaitangata,NZ,-46.2817,169.8464,48.52,70,100,8.55,overcast clouds,2022-07-29 01:40:55
129,Coihaique,CL,-45.5752,-72.0662,44.55,70,100,8.05,overcast clouds,2022-07-29 01:40:55
130,Lagoa,PT,39.05,-27.9833,71.44,79,0,2.3,clear sky,2022-07-29 01:40:56
131,Ciudad Bolivar,VE,8.1222,-63.5497,81.5,71,83,10.85,broken clouds,2022-07-29 01:38:47
132,Carutapera,BR,-1.195,-46.02,75.87,91,4,6.29,clear sky,2022-07-29 01:40:56
133,Bereda,ES,43.2686,-7.5406,60.15,100,34,0.81,scattered clouds,2022-07-29 01:41:56
134,Okha,RU,53.5739,142.9478,67.91,70,3,7.2,clear sky,2022-07-29 01:41:57
135,Mayo,US,38.8876,-76.5119,80.94,89,100,8.05,mist,2022-07-29 01:41:57
136,Bihariganj,IN,25.7333,86.9833,87.19,66,60,3.24,moderate rain,2022-07-29 01:41:57
137,Campbell River,CA,50.0163,-125.2446,91.78,38,0,3.44,clear sky,2022-07-29 01:41:11
138,Geraldton,AU,-28.7667,114.6,63.01,94,40,6.91,heavy intensity shower rain,2022-07-29 01:41:58
139,Cervo,ES,43.6702,-7.4101,62.96,79,94,1.88,overcast clouds,2022-07-29 01:41:58
140,San Quintin,MX,30.4833,-115.95,69.51,79,13,9.62,few clouds,2022-07-29 01:41:59
141,Eureka,US,40.8021,-124.1637,61.63,84,66,1.01,broken clouds,2022-07-29 01:41:59
142,Cantaura,VE,9.3057,-64.3584,77.14,78,71,1.83,broken clouds,2022-07-29 01:41:59
143,Pangnirtung,CA,66.1451,-65.7125,50.0,76,77,1.23,broken clouds,2022-07-29 01:42:00
144,Mikhaylovka,RU,50.06,43.2379,69.71,68,12,3.09,few clouds,2022-07-29 01:42:00
145,Ilulissat,GL,69.2167,-51.1,51.82,43,40,11.5,scattered clouds,2022-07-29 01:42:00
146,Hvolsvollur,IS,63.7533,-20.2243,45.16,88,100,2.1,overcast clouds,2022-07-29 01:42:01
147,Charters Towers,AU,-20.1,146.2667,66.83,36,0,10.74,clear sky,2022-07-29 01:42:01
148,Selje,NO,62.0459,5.351,54.61,76,100,4.74,overcast clouds,2022-07-29 01:42:02
149,Havoysund,NO,70.9963,24.6622,50.23,86,98,12.44,overcast clouds,2022-07-29 01:42:02
150,Nome,US,64.5011,-165.4064,58.15,71,100,8.05,overcast clouds,2022-07-29 01:42:02
151,Antsohihy,MG,-14.8796,47.9875,65.95,76,24,4.5,few clouds,2022-07-29 01:42:03
152,Drakino,RU,51.139,39.4021,62.91,96,5,7.96,clear sky,2022-07-29 01:42:03
153,Ponta Delgada,PT,37.7333,-25.6667,72.32,78,75,3.44,broken clouds,2022-07-29 01:42:03
154,Mahina,PF,-17.5065,-149.489,82.17,61,20,6.91,few clouds,2022-07-29 01:42:04
155,Altamira,BR,-3.2033,-52.2064,75.72,57,5,2.01,clear sky,2022-07-29 01:42:04
156,Olga,RU,43.7444,135.2892,79.86,66,99,7.54,overcast clouds,2022-07-29 01:42:04
157,Saskylakh,RU,71.9167,114.0833,61.38,85,100,6.04,overcast clouds,2022-07-29 01:42:05
158,Dikson,RU,73.5069,80.5464,43.45,100,100,17.58,overcast clouds,2022-07-29 01:42:05
159,Madimba,TZ,-10.4,40.3333,69.28,89,38,9.08,scattered clouds,2022-07-29 01:42:05
160,Cairns,AU,-16.9167,145.7667,78.12,53,40,12.66,scattered clouds,2022-07-29 01:42:06
161,Tripoli,LY,32.8752,13.1875,81.07,70,0,7.4,clear sky,2022-07-29 01:42:06
162,Port Alfred,ZA,-33.5906,26.891,67.17,57,0,3.0,clear sky,2022-07-29 01:42:06
163,Bakchar,RU,57.0186,82.0711,63.86,92,67,7.72,broken clouds,2022-07-29 01:42:07
164,Marawi,PH,7.9986,124.2928,80.91,64,99,3.74,light rain,2022-07-29 01:42:07
165,Bethel,US,41.3712,-73.414,79.48,92,100,4.79,overcast clouds,2022-07-29 01:42:08
166,Basco,PH,20.4487,121.9702,85.93,72,100,11.01,overcast clouds,2022-07-29 01:42:08
167,Moi,NO,58.4567,6.5518,55.38,94,3,2.73,clear sky,2022-07-29 01:42:08
168,Port Hardy,CA,50.6996,-127.4199,75.38,57,0,8.05,clear sky,2022-07-29 01:40:25
169,Virginia Beach,US,36.8529,-75.978,91.02,71,75,5.75,broken clouds,2022-07-29 01:39:13
170,Katsuura,JP,35.1333,140.3,84.63,76,30,10.92,scattered clouds,2022-07-29 01:42:09
171,Mantua,IT,45.1667,10.7833,72.95,78,53,1.99,broken clouds,2022-07-29 01:42:09
172,Kanniyakumari,IN,8.0833,77.5667,79.79,84,100,1.72,overcast clouds,2022-07-29 01:42:10
173,Kysyl-Syr,RU,63.8986,122.7617,84.96,45,0,6.24,clear sky,2022-07-29 01:42:10
174,Mitsamiouli,KM,-11.3847,43.2844,75.76,70,48,6.87,scattered clouds,2022-07-29 01:42:10
175,Salalah,OM,17.0151,54.0924,75.29,94,75,5.75,broken clouds,2022-07-29 01:42:11
176,Talnakh,RU,69.4865,88.3972,60.21,52,0,11.1,clear sky,2022-07-29 01:42:11
177,Putina,PE,-15.4667,-69.4333,44.58,63,7,7.09,clear sky,2022-07-29 01:42:11
178,Jejuri,IN,18.2833,74.1667,75.72,81,100,5.32,overcast clouds,2022-07-29 01:42:12
179,Dingle,PH,10.9995,122.6711,84.4,78,100,9.1,overcast clouds,2022-07-29 01:42:12
180,Markova,UA,48.6758,24.4138,58.68,85,43,2.13,scattered clouds,2022-07-29 01:43:12
181,Mount Isa,AU,-20.7333,139.5,67.77,22,0,14.97,clear sky,2022-07-29 01:43:13
182,Opuwo,NA,-18.0607,13.84,55.63,43,15,1.52,few clouds,2022-07-29 01:43:13
183,Klaksvik,FO,62.2266,-6.589,52.72,89,100,16.58,overcast clouds,2022-07-29 01:43:13
184,Meulaboh,ID,4.1363,96.1285,74.41,97,100,3.02,moderate rain,2022-07-29 01:43:14
185,Nicoya,CR,10.1483,-85.452,75.63,89,99,1.9,overcast clouds,2022-07-29 01:43:14
186,Lorengau,PG,-2.0226,147.2712,84.65,72,35,13.71,scattered clouds,2022-07-29 01:43:14
187,Taormina,IT,37.8536,15.2885,79.21,60,0,5.57,clear sky,2022-07-29 01:43:15
188,Sidi Ali,DZ,36.0998,0.4206,76.05,63,0,2.55,clear sky,2022-07-29 01:43:15
189,Arcos De La Frontera,ES,36.7508,-5.8106,74.07,72,0,4.25,clear sky,2022-07-29 01:43:15
190,Nemuro,JP,43.3236,145.575,62.15,88,99,3.4,overcast clouds,2022-07-29 01:43:16
191,Loukhi,RU,66.0764,33.0381,52.0,82,100,11.23,overcast clouds,2022-07-29 01:40:57
192,Naze,JP,28.3667,129.4833,85.12,84,99,16.4,light rain,2022-07-29 01:43:16
193,Itapirapua,BR,-15.8233,-50.6133,69.91,38,11,2.21,few clouds,2022-07-29 01:43:17
194,Abalak,RU,58.1286,68.5944,59.9,73,14,8.84,few clouds,2022-07-29 01:43:17
195,Jieshi,CN,22.8134,115.8257,87.13,70,16,4.29,few clouds,2022-07-29 01:43:17
196,Solnechnyy,RU,50.7214,136.6319,80.76,64,100,5.21,overcast clouds,2022-07-29 01:43:18
197,Severo-Kurilsk,RU,50.6789,156.125,55.78,88,100,10.25,overcast clouds,2022-07-29 01:38:59
198,Rio Tercero,AR,-32.173,-64.1141,46.8,40,0,6.29,clear sky,2022-07-29 01:43:18
199,General Roca,AR,-39.0333,-67.5833,50.49,53,0,12.08,clear sky,2022-07-29 01:43:19
200,Partsa,RU,54.3653,42.8617,63.21,95,27,2.19,light rain,2022-07-29 01:43:19
201,Serdobsk,RU,52.4586,44.2169,66.29,76,14,2.98,few clouds,2022-07-29 01:43:19
202,Ouro Fino,BR,-22.2831,-46.3692,60.19,54,99,3.2,overcast clouds,2022-07-29 01:43:20
203,Cefalu,IT,38.0386,14.0229,81.54,80,0,3.0,clear sky,2022-07-29 01:43:20
204,Gornopravdinsk,RU,60.05,69.9,61.5,68,100,6.78,overcast clouds,2022-07-29 01:43:21
205,Porto Empedocle,IT,37.2934,13.5264,79.29,65,0,1.81,clear sky,2022-07-29 01:43:21
206,Namatanai,PG,-3.6667,152.4333,84.42,68,48,11.59,scattered clouds,2022-07-29 01:43:21
207,Saint-Joseph,RE,-21.3667,55.6167,64.2,78,17,8.86,few clouds,2022-07-29 01:43:22
208,Aswan,EG,24.0934,32.907,87.1,17,0,4.61,clear sky,2022-07-29 01:43:22
209,Salme,NP,28.0369,85.0942,66.49,87,81,1.95,broken clouds,2022-07-29 01:43:22
210,Birjand,IR,32.8663,59.2211,73.87,28,0,4.61,clear sky,2022-07-29 01:43:23
211,Beyneu,KZ,45.3167,55.2,74.43,61,0,4.23,clear sky,2022-07-29 01:38:32
212,Taoudenni,ML,22.6783,-3.9836,103.69,14,81,10.22,broken clouds,2022-07-29 01:43:23
213,Thompson,CA,55.7435,-97.8558,73.56,43,40,5.75,scattered clouds,2022-07-29 01:43:24
214,Rocha,UY,-34.4833,-54.3333,49.15,81,100,20.56,overcast clouds,2022-07-29 01:43:24
215,Lata,PT,40.1629,-8.3327,56.86,98,18,2.1,few clouds,2022-07-29 01:43:24
216,Saldanha,ZA,-33.0117,17.9442,57.25,78,55,18.19,broken clouds,2022-07-29 01:43:24
217,Codrington,AU,-38.2667,141.9667,53.06,58,27,2.64,scattered clouds,2022-07-29 01:43:25
218,Rabak,SD,13.1809,32.74,76.24,81,100,10.2,overcast clouds,2022-07-29 01:43:25
219,Necochea,AR,-38.5473,-58.7368,44.13,91,17,11.07,few clouds,2022-07-29 01:41:41
220,Mae Hong Son,TH,19.3003,97.9685,77.14,88,75,0.0,mist,2022-07-29 01:43:26
221,Atar,MR,20.5169,-13.0499,91.89,36,13,12.15,few clouds,2022-07-29 01:43:26
222,Brae,GB,60.3964,-1.353,52.92,86,97,9.22,overcast clouds,2022-07-29 01:43:26
223,Cockburn Town,TC,21.4612,-71.1419,81.54,75,70,21.65,broken clouds,2022-07-29 01:41:22
224,Agirish,RU,61.9247,63.0231,64.04,53,0,0.43,clear sky,2022-07-29 01:43:27
225,Belyy Yar,RU,53.6039,91.3903,66.09,71,0,4.47,clear sky,2022-07-29 01:43:27
226,Olinda,BR,-8.0089,-34.8553,74.93,88,40,5.75,scattered clouds,2022-07-29 01:44:28
227,Bambous Virieux,MU,-20.3428,57.7575,68.25,83,40,11.5,scattered clouds,2022-07-29 01:44:28
228,Port Blair,IN,11.6667,92.75,83.07,76,30,4.81,scattered clouds,2022-07-29 01:44:28
229,Cabo San Lucas,MX,22.8909,-109.9124,90.18,68,6,7.83,clear sky,2022-07-29 01:44:29
230,Port Lincoln,AU,-34.7333,135.8667,56.53,71,99,15.23,overcast clouds,2022-07-29 01:44:29
231,Asau,RO,46.4333,26.4,65.32,86,92,1.5,overcast clouds,2022-07-29 01:42:33
232,Pontian Kecil,MY,1.4801,103.3899,80.92,73,93,7.87,overcast clouds,2022-07-29 01:44:30
233,Pisco,PE,-13.7,-76.2167,60.85,82,40,10.36,mist,2022-07-29 01:44:30
234,Ust-Nera,RU,64.5667,143.2,71.08,36,100,5.44,overcast clouds,2022-07-29 01:44:30
235,Churapcha,RU,62.0025,132.4325,87.53,29,7,7.02,clear sky,2022-07-29 01:44:31
236,Teahupoo,PF,-17.8333,-149.2667,76.96,79,21,20.98,light rain,2022-07-29 01:44:31
237,Ngunguru,NZ,-35.6167,174.5,60.64,61,23,9.4,few clouds,2022-07-29 01:44:31
238,Sijunjung,ID,-0.6876,100.9537,76.82,86,91,1.74,overcast clouds,2022-07-29 01:44:31
239,Whitianga,NZ,-36.8333,175.7,58.42,70,12,13.22,few clouds,2022-07-29 01:44:32
240,Bandarbeyla,SO,9.4942,50.8122,76.24,78,100,24.09,overcast clouds,2022-07-29 01:44:32
241,Nambutalai,IN,9.7167,79.0,83.7,73,91,4.85,moderate rain,2022-07-29 01:44:33
242,Parksville,CA,49.3163,-124.3195,97.68,46,2,2.3,clear sky,2022-07-29 01:39:56
243,Quzhou,CN,28.9594,118.8686,89.35,61,3,2.53,clear sky,2022-07-29 01:44:33
244,Verkhoyansk,RU,67.5447,133.385,85.84,35,15,2.17,few clouds,2022-07-29 01:44:33
245,Cuamba,MZ,-14.8031,36.5372,55.31,93,32,3.53,scattered clouds,2022-07-29 01:44:34
246,Souillac,MU,-20.5167,57.5167,68.38,83,40,11.5,scattered clouds,2022-07-29 01:44:34
247,Inirida,CO,3.8653,-67.9239,73.06,96,100,2.37,overcast clouds,2022-07-29 01:44:34
248,Faanui,PF,-16.4833,-151.75,79.23,74,5,20.83,clear sky,2022-07-29 01:44:35
249,Mahebourg,MU,-20.4081,57.7,68.29,83,40,11.5,scattered clouds,2022-07-29 01:44:35
250,Bathsheba,BB,13.2167,-59.5167,81.21,84,20,16.11,few clouds,2022-07-29 01:44:35
251,Henties Bay,NA,-22.116,14.2845,52.92,90,2,7.52,clear sky,2022-07-29 01:44:36
252,Merauke,ID,-8.4667,140.3333,77.52,83,100,16.49,overcast clouds,2022-07-29 01:44:36
253,Kachkanar,RU,58.7,59.4948,57.06,77,43,2.86,scattered clouds,2022-07-29 01:44:36
254,Oakdale,US,44.963,-92.9649,72.16,56,20,14.97,few clouds,2022-07-29 01:43:15
255,Hasaki,JP,35.7333,140.8333,91.29,75,5,14.94,clear sky,2022-07-29 01:44:37
256,Kattivakkam,IN,13.2167,80.3167,84.29,88,100,2.77,overcast clouds,2022-07-29 01:44:37
257,Malakal,SS,9.5334,31.6605,71.58,94,100,4.16,overcast clouds,2022-07-29 01:44:37
258,Roald,NO,62.5833,6.1333,54.75,93,100,3.44,overcast clouds,2022-07-29 01:44:38
259,Sitka,US,57.0531,-135.33,58.89,94,100,9.22,light rain,2022-07-29 01:44:38
260,Dzerzhinskoye,RU,56.8344,95.2283,68.14,73,99,7.65,overcast clouds,2022-07-29 01:44:38
261,Okhotsk,RU,59.3833,143.3,66.02,74,35,6.6,scattered clouds,2022-07-29 01:44:39
262,Hamilton,US,39.1834,-84.5333,80.83,75,40,5.75,scattered clouds,2022-07-29 01:44:09
263,Rock Sound,BS,24.9,-76.2,81.91,75,3,17.9,clear sky,2022-07-29 01:44:39
264,Airai,TL,-8.9266,125.4092,68.52,42,52,4.52,broken clouds,2022-07-29 01:44:40
265,Kirakira,SB,-10.4544,161.9205,82.56,77,69,7.4,broken clouds,2022-07-29 01:44:40
266,San Fernando,PH,15.0286,120.6898,85.73,68,67,6.22,broken clouds,2022-07-29 01:44:40
267,Caravelas,BR,-17.7125,-39.2481,68.76,83,50,6.31,scattered clouds,2022-07-29 01:44:41
268,Road Town,VG,18.4167,-64.6167,80.69,78,20,9.22,few clouds,2022-07-29 01:40:13
269,Vila Do Maio,CV,15.1333,-23.2167,81.39,79,6,16.42,clear sky,2022-07-29 01:44:41
270,College,US,64.8569,-147.8028,66.18,50,75,8.05,broken clouds,2022-07-29 01:44:42
271,Clyde River,CA,70.4692,-68.5914,37.63,100,100,9.22,mist,2022-07-29 01:41:04
272,Los Llanos De Aridane,ES,28.6585,-17.9182,69.55,86,100,19.57,overcast clouds,2022-07-29 01:44:42
273,Sao Filipe,CV,14.8961,-24.4956,78.96,76,1,15.93,clear sky,2022-07-29 01:44:43
274,Houma,US,29.5958,-90.7195,80.01,92,0,0.0,clear sky,2022-07-29 01:44:04
275,Santo Domingo,DO,18.5001,-69.9886,78.04,86,40,1.99,scattered clouds,2022-07-29 01:44:28
276,Bichura,RU,50.5881,107.6022,67.82,53,39,0.54,scattered clouds,2022-07-29 01:45:43
277,Ales,FR,44.1333,4.0833,69.69,63,63,3.69,broken clouds,2022-07-29 01:45:43
278,Srikakulam,IN,18.3,83.9,82.36,76,99,4.47,overcast clouds,2022-07-29 01:45:44
279,Agadez,NE,19.75,10.25,89.62,24,100,3.0,overcast clouds,2022-07-29 01:45:44
280,Whitehorse,CA,60.7161,-135.0538,63.37,55,75,2.3,broken clouds,2022-07-29 01:45:44
281,Pendleton,US,45.6721,-118.7886,106.74,20,0,3.0,clear sky,2022-07-29 01:41:03
282,Vestmannaeyjar,IS,63.4427,-20.2734,50.02,80,100,1.97,overcast clouds,2022-07-29 01:45:45
283,Shawinigan,CA,46.5668,-72.7491,68.45,94,60,1.14,broken clouds,2022-07-29 01:45:45
284,Adrar,MR,20.5022,-10.0711,91.0,34,70,21.39,broken clouds,2022-07-29 01:45:46
285,Tighina,MD,46.8306,29.4711,75.97,77,100,6.24,overcast clouds,2022-07-29 01:45:46
286,Nyurba,RU,63.2842,118.3319,82.99,50,0,9.64,clear sky,2022-07-29 01:45:46
287,Khatanga,RU,71.9667,102.5,69.28,50,91,4.72,overcast clouds,2022-07-29 01:45:47
288,Victoria,HK,22.2855,114.1577,92.97,67,99,5.99,overcast clouds,2022-07-29 01:44:00
289,Vostok,RU,46.4856,135.8833,85.39,52,100,0.54,overcast clouds,2022-07-29 01:45:47
290,Bundaberg,AU,-24.85,152.35,71.22,48,49,3.0,scattered clouds,2022-07-29 01:45:10
291,Tomatlan,MX,19.9333,-105.25,76.59,87,100,0.65,overcast clouds,2022-07-29 01:45:48
292,Post Falls,US,47.718,-116.9516,101.37,29,0,4.61,clear sky,2022-07-29 01:45:48
293,Fremont,US,37.5483,-121.9886,79.7,68,20,16.11,few clouds,2022-07-29 01:41:48
294,Biak,ID,-0.9131,122.8766,73.24,96,100,4.52,overcast clouds,2022-07-29 01:45:49
295,Rio Grande,BR,-32.035,-52.0986,50.95,82,70,24.32,broken clouds,2022-07-29 01:45:49
296,Orlik,RU,52.5178,99.825,52.09,81,100,2.13,overcast clouds,2022-07-29 01:45:49
297,Pitimbu,BR,-7.4706,-34.8086,73.99,81,28,7.83,scattered clouds,2022-07-29 01:45:50
298,Tiznit,MA,29.5833,-9.5,73.04,54,0,0.58,clear sky,2022-07-29 01:45:50
299,Fujin,CN,47.26,132.0322,82.72,61,100,12.46,overcast clouds,2022-07-29 01:45:50
300,Hazro,PK,33.9091,72.4921,78.49,89,100,5.61,moderate rain,2022-07-29 01:45:51
301,Jinxiang,CN,27.4327,120.6062,86.09,65,0,4.83,clear sky,2022-07-29 01:45:51
302,Marienburg,PL,54.0359,19.0266,56.88,93,3,2.73,clear sky,2022-07-29 01:45:51
303,Vangaindrano,MG,-23.35,47.6,66.27,89,100,6.85,light rain,2022-07-29 01:45:52
304,Laguna,US,38.421,-121.4238,98.46,42,0,11.5,clear sky,2022-07-29 01:45:52
305,San Ignacio,BZ,17.1561,-89.0714,86.14,74,75,6.91,broken clouds,2022-07-29 01:45:52
306,Asfi,MA,32.2994,-9.2372,70.02,91,12,11.7,few clouds,2022-07-29 01:45:53
307,Sorland,NO,67.667,12.6934,53.46,91,100,17.38,overcast clouds,2022-07-29 01:45:53
308,Muswellbrook,AU,-32.2667,150.9,58.08,50,59,5.08,broken clouds,2022-07-29 01:45:54
309,Misratah,LY,32.3754,15.0925,80.78,69,0,2.19,clear sky,2022-07-29 01:45:54
310,Boende,CD,-0.2167,20.8667,71.46,94,100,2.75,overcast clouds,2022-07-29 01:45:54
311,Ahipara,NZ,-35.1667,173.1667,59.92,64,69,9.04,broken clouds,2022-07-29 01:45:55
312,Chiredzi,ZW,-21.05,31.6667,53.19,76,0,2.53,clear sky,2022-07-29 01:45:55
313,Tiksi,RU,71.6872,128.8694,51.98,83,99,7.92,overcast clouds,2022-07-29 01:45:55
314,Aginskoye,RU,51.1,114.53,65.32,66,79,4.21,broken clouds,2022-07-29 01:45:56
315,Cayenne,GF,4.9333,-52.3333,76.08,1,100,2.3,overcast clouds,2022-07-29 01:41:33
316,Alice Springs,AU,-23.7,133.8833,62.15,25,18,14.97,few clouds,2022-07-29 01:45:10
317,Salta,AR,-24.7859,-65.4117,49.57,92,100,4.61,overcast clouds,2022-07-29 01:43:03
318,Long,TH,18.0761,99.8326,88.21,74,49,2.66,scattered clouds,2022-07-29 01:45:56
319,Hobyo,SO,5.3505,48.5268,75.34,87,81,20.96,broken clouds,2022-07-29 01:45:57
320,Duku,NG,11.2361,4.9073,69.73,97,100,4.27,overcast clouds,2022-07-29 01:45:57
321,Borger,NL,52.9233,6.7931,59.07,80,100,8.59,overcast clouds,2022-07-29 01:45:57
322,Dawlatabad,AF,36.4141,64.9053,83.43,22,0,4.94,clear sky,2022-07-29 01:45:58
323,Nosy Varika,MG,-20.5833,48.5333,64.74,94,73,4.94,light rain,2022-07-29 01:46:58
324,Slave Lake,CA,55.2834,-114.769,87.78,45,0,2.3,clear sky,2022-07-29 01:45:11
325,At-Bashi,KG,41.1702,75.8106,68.81,41,99,3.83,overcast clouds,2022-07-29 01:46:58
326,Flinders,AU,-34.5833,150.8552,61.18,44,1,8.01,clear sky,2022-07-29 01:46:59
327,Arlit,NE,18.7369,7.3853,86.22,45,82,3.42,broken clouds,2022-07-29 01:46:59
328,Cidreira,BR,-30.1811,-50.2056,55.27,92,100,17.07,moderate rain,2022-07-29 01:46:59
329,San Policarpo,PH,12.1791,125.5072,82.81,82,100,4.7,light rain,2022-07-29 01:42:08
330,Maracacume,BR,-2.0428,-45.9592,72.36,95,38,3.49,scattered clouds,2022-07-29 01:47:00
331,Alliance,US,40.9153,-81.1059,80.2,86,84,5.95,broken clouds,2022-07-29 01:47:00
332,Kerema,PG,-7.9631,145.7785,83.32,76,71,8.9,broken clouds,2022-07-29 01:47:01
333,Nizhnyaya Omka,RU,55.4338,74.9426,61.95,95,100,13.56,overcast clouds,2022-07-29 01:47:01
334,Bilma,NE,18.6853,12.9164,84.0,49,97,14.09,overcast clouds,2022-07-29 01:47:01
335,Vao,NC,-22.6667,167.4833,69.49,65,33,12.19,scattered clouds,2022-07-29 01:47:02
336,Kudahuvadhoo,MV,2.6708,72.8944,82.27,74,99,12.55,overcast clouds,2022-07-29 01:47:02
337,Zabid,YE,14.1951,43.3152,90.88,51,100,4.52,overcast clouds,2022-07-29 01:47:02
338,Pemba,MZ,-12.974,40.5178,68.7,88,75,10.36,broken clouds,2022-07-29 01:47:03
339,Mount Gambier,AU,-37.8333,140.7667,52.95,59,29,2.68,scattered clouds,2022-07-29 01:47:03
340,Bambanglipuro,ID,-7.95,110.2833,80.11,75,79,8.97,broken clouds,2022-07-29 01:47:04
341,Magadan,RU,59.5667,150.8,58.53,95,100,6.04,light rain,2022-07-29 01:47:04
342,Hay River,CA,60.8156,-115.7999,62.58,88,75,10.36,broken clouds,2022-07-29 01:44:53
343,Nanortalik,GL,60.1432,-45.2371,43.39,89,80,1.68,broken clouds,2022-07-29 01:47:04
344,Grand Gaube,MU,-20.0064,57.6608,68.4,76,0,3.0,clear sky,2022-07-29 01:47:05
345,Sao Joao Da Barra,BR,-21.6403,-41.0511,70.11,86,1,16.13,clear sky,2022-07-29 01:45:52
346,La Roche-Sur-Yon,FR,46.6667,-1.4333,64.67,72,0,3.44,clear sky,2022-07-29 01:47:06
347,Hualmay,PE,-11.0964,-77.6139,60.82,81,37,9.57,scattered clouds,2022-07-29 01:47:06
348,Usulutan,SV,13.35,-88.45,82.27,88,95,2.13,overcast clouds,2022-07-29 01:47:06
349,Yacopi,CO,5.4595,-74.3382,60.71,98,93,2.53,overcast clouds,2022-07-29 01:47:07
350,Komsomolskiy,UZ,40.4272,71.7189,86.72,19,87,16.11,overcast clouds,2022-07-29 01:47:07
351,Faya,SA,18.3851,42.4509,69.91,51,50,4.41,scattered clouds,2022-07-29 01:47:07
352,Plouzane,FR,48.3833,-4.6167,60.85,94,0,4.61,clear sky,2022-07-29 01:47:08
353,Santa Cruz De Tenerife,ES,28.4682,-16.2546,77.59,90,75,17.27,broken clouds,2022-07-29 01:47:08
354,Areosa,PT,41.7178,-8.8571,62.49,90,0,9.95,clear sky,2022-07-29 01:47:09
355,Zhigansk,RU,66.7697,123.3711,77.14,50,100,4.52,overcast clouds,2022-07-29 01:47:09
356,Berlevag,NO,70.8578,29.0864,48.2,81,100,9.22,overcast clouds,2022-07-29 01:47:09
357,Garh Maharaja,PK,30.8339,71.9053,85.68,74,97,6.17,overcast clouds,2022-07-29 01:47:10
358,Llanes,ES,43.4198,-4.7549,66.74,83,83,4.23,broken clouds,2022-07-29 01:47:10
359,Karratha,AU,-20.7377,116.8463,76.3,29,41,13.69,scattered clouds,2022-07-29 01:47:10
360,Kyra,RU,49.5776,111.9753,65.39,68,41,3.11,scattered clouds,2022-07-29 01:47:11
361,Stoughton,US,42.1251,-71.1023,79.21,85,40,8.05,scattered clouds,2022-07-29 01:47:11
362,Aras,ES,42.5617,-2.356,64.81,49,0,6.91,clear sky,2022-07-29 01:47:11
363,Haslett,US,42.747,-84.4011,68.23,70,55,7.94,broken clouds,2022-07-29 01:47:12
364,Hofn,IS,64.2539,-15.2082,52.2,86,100,2.57,overcast clouds,2022-07-29 01:47:12
365,Wamba,NG,8.9333,8.6,70.27,98,100,2.64,moderate rain,2022-07-29 01:48:12
366,Barkly West,ZA,-28.5354,24.5215,56.48,38,7,19.08,clear sky,2022-07-29 01:48:13
367,Kerur,IN,16.0167,75.5667,80.8,68,100,2.17,moderate rain,2022-07-29 01:48:13
368,Yulara,AU,-25.2406,130.9889,62.37,22,94,13.18,overcast clouds,2022-07-29 01:48:13
369,Gobabis,NA,-22.45,18.9667,56.34,34,88,8.28,overcast clouds,2022-07-29 01:48:14
370,Drayton Valley,CA,53.2168,-114.9854,75.67,82,0,8.95,clear sky,2022-07-29 01:48:14
371,Normandin,CA,48.8333,-72.5321,66.51,100,99,3.44,overcast clouds,2022-07-29 01:48:15
372,Tynda,RU,55.1667,124.7167,72.21,71,64,7.87,broken clouds,2022-07-29 01:48:15
373,Noyabrsk,RU,63.1994,75.4507,65.68,58,3,7.78,clear sky,2022-07-29 01:48:15
374,Tilichiki,RU,60.4667,166.1,52.92,65,98,8.14,overcast clouds,2022-07-29 01:48:16
375,Petrila,RO,45.45,23.4167,60.03,93,6,3.49,clear sky,2022-07-29 01:48:16
376,Halifax,CA,44.6453,-63.5724,69.69,64,100,6.91,overcast clouds,2022-07-29 01:44:00
377,Deputatskiy,RU,69.3,139.9,49.57,66,100,5.86,overcast clouds,2022-07-29 01:48:16
378,Huanren,CN,41.2647,125.3667,80.53,72,57,8.68,broken clouds,2022-07-29 01:48:17
379,Tabou,CI,4.423,-7.3528,73.85,75,64,7.83,broken clouds,2022-07-29 01:48:17
380,Crestview,US,30.7621,-86.5705,85.24,81,0,4.61,clear sky,2022-07-29 01:48:18
381,Alyangula,AU,-13.8483,136.4192,77.2,53,53,15.08,broken clouds,2022-07-29 01:48:18
382,Provideniya,RU,64.3833,-173.3,48.36,100,40,7.0,fog,2022-07-29 01:48:18
383,Batagay-Alyta,RU,67.8006,130.4114,82.65,38,11,5.46,few clouds,2022-07-29 01:48:19
384,Pinsk,BY,52.1229,26.0951,52.32,85,3,1.72,clear sky,2022-07-29 01:48:19
385,Cam Ranh,VN,11.9214,109.1591,87.76,66,40,2.3,scattered clouds,2022-07-29 01:48:19
386,Tooele,US,40.5308,-112.2983,91.58,24,0,5.75,clear sky,2022-07-29 01:46:56
387,Jaciara,BR,-15.9653,-54.9683,70.68,33,67,2.89,broken clouds,2022-07-29 01:48:20
388,Lakatoro,VU,-16.0999,167.4164,81.32,73,94,11.48,moderate rain,2022-07-29 01:48:20
389,Blackwater,AU,-23.5833,148.8833,66.06,42,6,4.23,clear sky,2022-07-29 01:48:20
390,Lingao,CN,19.9103,109.6859,86.76,70,79,3.38,broken clouds,2022-07-29 01:48:21
391,Shupiyan,IN,33.7167,74.8333,64.44,91,97,0.81,overcast clouds,2022-07-29 01:48:21
392,Taiyuan,CN,37.8694,112.5603,75.06,64,0,4.47,clear sky,2022-07-29 01:48:21
393,Kamenka,RU,51.3223,42.7678,66.63,73,92,5.79,overcast clouds,2022-07-29 01:48:22
394,Dunedin,NZ,-45.8742,170.5036,48.79,72,99,4.0,overcast clouds,2022-07-29 01:46:00
395,Imbituba,BR,-28.24,-48.6703,72.86,99,98,8.12,moderate rain,2022-07-29 01:47:15
396,Florianopolis,BR,-27.6146,-48.5012,70.41,77,0,11.5,clear sky,2022-07-29 01:44:39
397,Kruisfontein,ZA,-34.0033,24.7314,58.71,37,0,9.51,clear sky,2022-07-29 01:48:23
398,Batemans Bay,AU,-35.7167,150.1833,54.1,39,3,10.27,clear sky,2022-07-29 01:48:23
399,Xichang,CN,27.8964,102.2634,72.73,79,31,1.95,scattered clouds,2022-07-29 01:48:23
400,Rodrigues Alves,BR,-7.738,-72.6509,74.46,76,39,0.56,scattered clouds,2022-07-29 01:48:24
401,Guerrero Negro,MX,27.9769,-114.0611,70.48,76,24,14.5,few clouds,2022-07-29 01:48:24
402,Mozarlandia,BR,-14.7447,-50.5706,72.16,35,2,4.0,clear sky,2022-07-29 01:48:25
403,Garowe,SO,8.4054,48.4845,72.84,70,29,22.88,scattered clouds,2022-07-29 01:48:25
404,Sao Felix Do Xingu,BR,-6.6447,-51.995,72.39,49,0,1.14,clear sky,2022-07-29 01:48:25
405,Altagracia De Orituco,VE,9.8601,-66.3814,70.66,96,65,3.36,broken clouds,2022-07-29 01:48:26
406,Mwene-Ditu,CD,-7.0,23.45,67.44,39,79,4.59,broken clouds,2022-07-29 01:48:26
407,Husavik,IS,66.0449,-17.3389,48.38,91,100,9.71,overcast clouds,2022-07-29 01:48:26
408,Dauphin,CA,51.1494,-100.0502,71.74,60,0,4.61,clear sky,2022-07-29 01:48:27
409,Khor,RU,47.8861,134.9464,84.54,63,94,7.2,overcast clouds,2022-07-29 01:49:27
410,Redmond,US,47.674,-122.1215,94.87,53,3,3.0,clear sky,2022-07-29 01:48:31
411,Broome,US,42.2506,-75.833,71.98,84,0,5.75,clear sky,2022-07-29 01:49:28
412,Saint-Prosper,CA,46.2117,-70.4811,65.03,98,100,2.17,heavy intensity rain,2022-07-29 01:49:28
413,Umm Lajj,SA,25.0213,37.2685,86.04,50,58,6.98,broken clouds,2022-07-29 01:49:28
414,Nenjiang,CN,49.1833,125.2167,72.0,85,100,5.28,overcast clouds,2022-07-29 01:49:29
415,Gwadar,PK,25.1216,62.3254,80.62,80,100,7.87,light rain,2022-07-29 01:49:29
416,Gigmoto,PH,13.7796,124.39,82.83,80,100,4.72,moderate rain,2022-07-29 01:49:29
417,Evensk,RU,61.95,159.2333,57.49,53,100,2.37,overcast clouds,2022-07-29 01:49:30
418,Port-Gentil,GA,-0.7193,8.7815,73.29,80,100,10.56,overcast clouds,2022-07-29 01:49:30
419,Samarai,PG,-10.6167,150.6667,79.36,85,71,13.94,moderate rain,2022-07-29 01:49:30
420,Dong Hoi,VN,17.4833,106.6,89.06,59,100,1.12,overcast clouds,2022-07-29 01:49:31
421,Yumen,CN,40.2833,97.2,84.97,9,20,2.1,few clouds,2022-07-29 01:49:31
422,Puerto Escondido,MX,15.85,-97.0667,79.83,85,90,3.89,overcast clouds,2022-07-29 01:49:31
423,Varazze,IT,44.3595,8.5741,76.93,87,41,10.0,scattered clouds,2022-07-29 01:49:32
424,Conde,BR,-7.2597,-34.9075,72.86,94,0,4.61,clear sky,2022-07-29 01:49:32
425,Coahuayana,MX,18.7333,-103.6833,77.54,87,100,0.98,overcast clouds,2022-07-29 01:49:32
426,Fortuna,US,40.5982,-124.1573,61.09,87,75,10.36,broken clouds,2022-07-29 01:49:33
427,Margate,GB,51.3813,1.3862,62.69,83,63,1.01,broken clouds,2022-07-29 01:49:33
428,Chase,CA,50.8165,-119.6857,94.08,53,99,6.15,overcast clouds,2022-07-29 01:49:33
429,Milkovo,RU,54.7167,158.6167,64.13,70,99,4.83,light rain,2022-07-29 01:49:34
430,Half Moon Bay,US,37.4636,-122.4286,74.05,80,100,19.57,mist,2022-07-29 01:45:22
431,Waddan,LY,29.1614,16.139,80.64,40,0,5.14,clear sky,2022-07-29 01:49:34
432,Talcahuano,CL,-36.7167,-73.1167,51.48,66,0,10.36,clear sky,2022-07-29 01:49:35
433,Aksu,CN,41.1231,80.2644,85.51,29,100,2.21,light rain,2022-07-29 01:49:35
434,Ortisoara,RO,45.9636,21.1983,71.74,83,53,3.49,broken clouds,2022-07-29 01:49:35
435,Piacabucu,BR,-10.4056,-36.4344,72.37,91,47,7.29,scattered clouds,2022-07-29 01:49:36
436,George,ZA,-33.963,22.4617,56.12,63,0,4.56,clear sky,2022-07-29 01:49:36
437,Tucumcari,US,35.1717,-103.725,78.94,56,100,16.11,thunderstorm with light rain,2022-07-29 01:49:36
438,Antsirabe,MG,-19.85,47.0333,52.61,90,63,4.34,broken clouds,2022-07-29 01:49:37
439,Chuy,UY,-33.6971,-53.4616,48.88,80,100,14.54,overcast clouds,2022-07-29 01:49:37
440,Qiongshan,CN,20.0058,110.3542,85.98,70,0,6.71,clear sky,2022-07-29 01:49:37
441,Nioro,GM,13.35,-15.75,78.31,87,97,9.06,light rain,2022-07-29 01:49:38
442,Nalut,LY,30.3333,10.85,84.11,22,19,10.98,few clouds,2022-07-29 01:49:38
443,Boden,SE,65.8252,21.6886,51.8,85,98,6.42,overcast clouds,2022-07-29 01:49:39
444,Kedougou,SN,12.5579,-12.1743,75.51,89,9,7.14,clear sky,2022-07-29 01:49:39
445,Cacoal,BR,-11.4386,-61.4472,76.46,39,13,3.89,few clouds,2022-07-29 01:49:39
446,Port Augusta,AU,-32.5,137.7667,62.11,36,100,7.38,overcast clouds,2022-07-29 01:49:39
447,Bubaque,GW,11.2833,-15.8333,79.09,83,21,16.93,light rain,2022-07-29 01:49:40
448,Hashtgerd,IR,35.9642,50.6858,69.64,72,1,8.28,clear sky,2022-07-29 01:49:40
449,Korla,CN,41.7597,86.1469,83.79,30,99,13.0,overcast clouds,2022-07-29 01:49:40
450,Porto Walter,BR,-8.2686,-72.7439,72.93,82,7,2.13,clear sky,2022-07-29 01:49:41
451,Petrovskoye,RU,57.0104,39.2693,60.87,96,100,7.87,overcast clouds,2022-07-29 01:49:41
452,Everett,US,47.979,-122.2021,92.19,61,0,6.91,clear sky,2022-07-29 01:49:13
453,Merced,US,37.1666,-120.7516,98.83,20,3,10.25,clear sky,2022-07-29 01:49:42
454,Vilhena,BR,-12.7406,-60.1458,68.0,45,70,2.64,broken clouds,2022-07-29 01:49:42
455,Bam,IR,29.106,58.357,86.04,50,100,2.01,overcast clouds,2022-07-29 01:49:42
456,Ust-Omchug,RU,61.15,149.6333,59.94,57,98,6.26,light rain,2022-07-29 01:50:43
457,Bilibino,RU,68.0546,166.4372,57.78,42,79,10.58,broken clouds,2022-07-29 01:50:43
458,Baruun-Urt,MN,46.6806,113.2792,73.31,45,46,5.37,scattered clouds,2022-07-29 01:50:44
459,Rawson,AR,-43.3002,-65.1023,48.07,54,1,21.18,clear sky,2022-07-29 01:50:44
460,Namibe,AO,-15.1961,12.1522,59.95,83,57,7.81,broken clouds,2022-07-29 01:50:44
461,Kahului,US,20.8947,-156.47,87.82,45,40,19.57,scattered clouds,2022-07-29 01:50:44
462,Beringovskiy,RU,63.05,179.3167,48.92,79,100,13.0,overcast clouds,2022-07-29 01:50:45
463,Tessalit,ML,20.1986,1.0114,89.42,34,100,11.86,overcast clouds,2022-07-29 01:50:45
464,Debre Birhan,ET,9.6833,39.5333,52.79,86,100,2.75,light rain,2022-07-29 01:50:45
465,Catio,GW,11.2833,-15.25,76.98,87,62,10.25,light rain,2022-07-29 01:50:46
466,Porto Seguro,BR,-16.4497,-39.0647,70.32,83,40,3.44,scattered clouds,2022-07-29 01:50:46
467,Lasa,IT,46.6166,10.7002,59.88,92,96,1.36,overcast clouds,2022-07-29 01:50:46
468,Aripuana,BR,-9.1667,-60.6333,73.17,48,39,1.12,scattered clouds,2022-07-29 01:50:47
469,Sabancuy,MX,18.9667,-91.1833,81.61,84,71,12.35,broken clouds,2022-07-29 01:50:47
470,Santa Rosa,PH,14.3122,121.1114,84.11,80,100,9.71,overcast clouds,2022-07-29 01:46:51
471,Siocon,PH,7.7061,122.1353,85.69,68,94,3.94,overcast clouds,2022-07-29 01:50:48
472,Parana,AR,-31.732,-60.5238,55.56,54,0,8.19,clear sky,2022-07-29 01:50:48
473,Saint-Pierre,RE,-21.3393,55.4781,65.28,73,0,4.61,clear sky,2022-07-29 01:50:48
474,Capreol,CA,46.706,-80.9225,61.56,72,40,10.36,scattered clouds,2022-07-29 01:50:49
475,Raga,SS,8.4596,25.678,67.05,98,100,3.67,overcast clouds,2022-07-29 01:50:49
476,Nathdwara,IN,24.9333,73.8167,76.19,83,77,6.29,broken clouds,2022-07-29 01:50:49
477,Belmopan,BZ,17.25,-88.7667,86.38,99,18,2.42,few clouds,2022-07-29 01:50:50
478,Kiama,AU,-34.6833,150.8667,61.38,44,1,13.13,clear sky,2022-07-29 01:49:42
479,Tarko-Sale,RU,64.9225,77.785,64.98,70,12,9.1,few clouds,2022-07-29 01:50:50
480,Oranjemund,NA,-28.55,16.4333,56.44,71,100,8.93,overcast clouds,2022-07-29 01:50:51
481,Machiques,VE,10.0644,-72.545,75.25,86,100,4.38,overcast clouds,2022-07-29 01:50:51
482,San Matias,BO,-16.3667,-58.4,74.43,34,7,3.74,clear sky,2022-07-29 01:50:51
483,Pochutla,MX,15.7432,-96.4661,79.83,89,71,1.03,broken clouds,2022-07-29 01:47:49
484,La Macarena,CO,2.1837,-73.7849,68.74,96,96,0.43,overcast clouds,2022-07-29 01:50:52
485,Takoradi,GH,4.8845,-1.7554,74.8,78,86,10.96,overcast clouds,2022-07-29 01:50:52
486,Ruteng,ID,-8.6136,120.4721,69.75,59,99,1.61,overcast clouds,2022-07-29 01:50:53
487,Ust-Kuyga,RU,70.0167,135.6,74.95,63,96,11.61,overcast clouds,2022-07-29 01:50:53
488,Muros,ES,42.7762,-9.0603,66.09,84,57,3.33,broken clouds,2022-07-29 01:50:53
489,Shangrao,CN,28.4532,117.9686,90.95,56,10,2.53,clear sky,2022-07-29 01:50:54
490,Santiago Del Estero,AR,-27.7951,-64.2615,57.33,39,0,5.86,clear sky,2022-07-29 01:50:54
491,Jiayuguan,CN,39.8167,98.3,83.43,10,10,7.38,clear sky,2022-07-29 01:50:54
492,Savannah Bight,HN,16.45,-85.85,82.67,78,98,17.76,overcast clouds,2022-07-29 01:50:55
493,San Angelo,US,31.4638,-100.437,98.82,28,40,14.97,scattered clouds,2022-07-29 01:50:55
494,Mon,IN,26.75,95.1,79.23,79,73,1.59,broken clouds,2022-07-29 01:50:55
495,Kutum,SD,14.2,24.6667,75.09,59,100,6.71,overcast clouds,2022-07-29 01:50:56
496,Itarema,BR,-2.9248,-39.9167,77.23,86,98,10.92,overcast clouds,2022-07-29 01:50:56
497,Mikuni,JP,36.2171,136.1519,87.71,62,0,3.29,clear sky,2022-07-29 01:50:57
498,Wum,CM,6.3833,10.0667,62.92,99,100,1.88,light rain,2022-07-29 01:51:57
499,Webuye,KE,0.6075,34.7697,60.76,90,100,3.71,overcast clouds,2022-07-29 01:51:58
500,Krasnoselkup,RU,65.7,82.4667,63.3,63,0,13.27,clear sky,2022-07-29 01:51:58
501,Praia Da Vitoria,PT,38.7333,-27.0667,71.85,83,20,3.89,few clouds,2022-07-29 01:51:58
502,Ascension,US,30.2169,-90.9001,81.07,92,0,0.0,clear sky,2022-07-29 01:51:59
503,Lithakia,GR,37.7167,20.8333,78.08,73,0,2.3,clear sky,2022-07-29 01:47:18
504,Mabay,PH,6.0577,124.4666,84.61,68,100,4.32,overcast clouds,2022-07-29 01:51:59
505,Cap Malheureux,MU,-19.9842,57.6142,67.46,76,0,5.01,clear sky,2022-07-29 01:51:59
506,Sulangan,PH,11.1373,123.7228,84.29,73,100,9.35,overcast clouds,2022-07-29 01:52:00
507,Bagan,RU,54.1001,77.6646,69.64,62,47,12.68,scattered clouds,2022-07-29 01:52:00
508,Darovskoy,RU,58.77,47.9564,57.49,87,6,4.25,clear sky,2022-07-29 01:52:01
509,Mingshui,CN,36.7167,117.5,81.3,76,82,2.64,broken clouds,2022-07-29 01:52:01
510,Morgan City,US,29.6994,-91.2068,79.0,85,14,5.44,few clouds,2022-07-29 01:52:01
511,Moranbah,AU,-22.0016,148.0466,64.76,51,4,11.74,clear sky,2022-07-29 01:52:02
512,Ulkan,RU,57.243,107.3223,60.35,85,100,6.44,overcast clouds,2022-07-29 01:52:02
513,Salinas,US,36.6777,-121.6555,75.79,76,75,12.66,broken clouds,2022-07-29 01:51:10
514,Rio Gallegos,AR,-51.6226,-69.2181,39.25,75,0,20.71,clear sky,2022-07-29 01:49:31
515,Abu Zabad,SD,12.35,29.25,72.18,90,80,10.45,broken clouds,2022-07-29 01:52:03
516,Victor Harbor,AU,-35.5667,138.6167,50.68,92,100,11.48,overcast clouds,2022-07-29 01:52:03
517,Yerbogachen,RU,61.2767,108.0108,74.66,62,92,2.75,overcast clouds,2022-07-29 01:52:03
518,Hamada,JP,34.8833,132.0833,83.12,64,1,3.11,clear sky,2022-07-29 01:52:04
519,Ulladulla,AU,-35.35,150.4667,54.91,47,1,10.25,clear sky,2022-07-29 01:52:04
520,Norman Wells,CA,65.282,-126.8329,68.04,40,75,6.91,broken clouds,2022-07-29 01:47:56
521,Mogadishu,SO,2.0371,45.3438,75.79,84,78,15.57,broken clouds,2022-07-29 01:52:05
522,Lebork,PL,54.5392,17.7501,51.35,95,2,3.33,clear sky,2022-07-29 01:52:05
523,Hirara,JP,24.8,125.2833,84.47,89,40,11.5,scattered clouds,2022-07-29 01:52:05
524,Erzin,TR,36.9559,36.2,75.69,60,0,1.43,clear sky,2022-07-29 01:52:06
525,Oneonta,US,42.4529,-75.0638,72.28,94,2,4.56,clear sky,2022-07-29 01:50:27
526,Xining,CN,36.6167,101.7667,66.94,45,2,4.41,clear sky,2022-07-29 01:47:12
527,Tondano,ID,1.3038,124.9112,80.69,83,82,4.7,broken clouds,2022-07-29 01:52:06
528,Tuatapere,NZ,-46.1333,167.6833,46.31,84,98,9.48,overcast clouds,2022-07-29 01:52:07
529,Maine-Soroa,NE,13.2114,12.0241,78.33,66,50,9.42,scattered clouds,2022-07-29 01:52:07
530,Tunceli,TR,39.1083,39.5471,71.89,26,0,6.26,clear sky,2022-07-29 01:52:07
531,Maniitsoq,GL,65.4167,-52.9,40.53,95,100,5.61,moderate rain,2022-07-29 01:47:54
532,Portoferraio,IT,42.8115,10.3146,81.09,72,0,2.19,clear sky,2022-07-29 01:52:08
533,Gomel,BY,52.4345,30.9754,60.78,82,36,6.71,scattered clouds,2022-07-29 01:52:08
534,Naifaru,MV,5.4444,73.3657,81.41,79,100,17.11,overcast clouds,2022-07-29 01:52:08
535,Baghdad,IQ,33.3406,44.4009,82.31,23,0,4.61,clear sky,2022-07-29 01:52:09
536,Goba,ET,7.0167,39.9833,47.57,91,54,4.14,broken clouds,2022-07-29 01:52:09
537,Lysyanka,UA,49.2523,30.8295,59.5,66,0,5.48,clear sky,2022-07-29 01:52:09
538,Canaries,ES,28.0,-15.5,66.16,70,75,26.46,broken clouds,2022-07-29 01:52:10
539,Alberton,CA,46.8168,-64.0654,68.13,87,89,10.04,overcast clouds,2022-07-29 01:49:59
540,Vanimo,PG,-2.6741,141.3028,84.18,70,83,8.48,broken clouds,2022-07-29 01:47:49
541,Zemio,CF,5.0314,25.1361,67.59,99,100,3.98,light rain,2022-07-29 01:52:10
542,Luderitz,NA,-26.6481,15.1594,52.36,86,68,2.89,broken clouds,2022-07-29 01:52:11
543,Jesi,IT,43.5288,13.2402,75.94,60,18,3.0,few clouds,2022-07-29 01:53:11
544,Grao Mogol,BR,-16.5594,-42.8897,56.37,61,0,1.79,clear sky,2022-07-29 01:53:12
545,Tura,IN,25.5198,90.2201,79.18,89,75,2.51,broken clouds,2022-07-29 01:53:12
546,Fairbanks,US,64.8378,-147.7164,67.01,49,40,8.05,scattered clouds,2022-07-29 01:50:03
547,San Cristobal,VE,7.7669,-72.225,66.38,96,99,1.61,overcast clouds,2022-07-29 01:48:57
548,Aleksandrovskiy Zavod,RU,50.9237,117.9374,70.39,54,62,2.57,broken clouds,2022-07-29 01:53:13
549,Kyrylivka,UA,46.3759,35.3675,74.12,60,0,6.8,clear sky,2022-07-29 01:53:13
550,Wawa,NG,9.9022,4.4192,71.31,95,100,7.31,light rain,2022-07-29 01:53:13
551,Shellbrook,CA,53.2168,-106.4011,74.43,61,0,3.71,clear sky,2022-07-29 01:49:22
552,Saint-Louis,SN,16.3333,-15.0,81.18,66,65,16.87,broken clouds,2022-07-29 01:53:14
553,Glad,PH,7.1483,124.5181,85.41,71,100,2.42,overcast clouds,2022-07-29 01:53:14
554,Westport,US,41.1415,-73.3579,81.01,89,96,1.99,overcast clouds,2022-07-29 01:52:03
555,Bili Oslavy,UA,48.4872,24.7008,60.82,84,39,2.53,scattered clouds,2022-07-29 01:53:15
556,Pravda,RU,46.9396,142.009,69.55,82,100,4.45,overcast clouds,2022-07-29 01:53:15
557,Zhezkazgan,KZ,47.8043,67.7144,64.38,72,0,8.95,clear sky,2022-07-29 01:53:16
558,Luganville,VU,-15.5333,167.1667,81.63,75,88,5.06,overcast clouds,2022-07-29 01:53:16
559,Furth,DE,49.4759,10.9886,69.85,48,0,10.36,light rain,2022-07-29 01:53:16
560,Maceio,BR,-9.6658,-35.7353,74.64,94,100,1.14,overcast clouds,2022-07-29 01:52:57
561,Winona,US,43.9666,-91.7668,68.99,63,100,4.61,overcast clouds,2022-07-29 01:53:17
562,Semey,KZ,50.4111,80.2275,73.62,56,75,13.42,broken clouds,2022-07-29 01:53:17
563,Popondetta,PG,-8.7537,148.2534,89.62,55,78,1.83,broken clouds,2022-07-29 01:53:17
564,Viedma,AR,-40.8135,-62.9967,46.67,56,0,9.17,clear sky,2022-07-29 01:53:18
565,Darnetal,FR,49.4453,1.1514,62.51,65,0,2.3,clear sky,2022-07-29 01:53:18
566,Grand-Lahou,CI,5.1367,-5.0242,74.35,77,65,11.41,broken clouds,2022-07-29 01:53:19
567,Bahia De Caraquez,EC,-0.6,-80.4167,73.58,87,88,5.08,overcast clouds,2022-07-29 01:53:19
568,Boundiali,CI,9.5217,-6.4869,69.6,96,96,6.85,overcast clouds,2022-07-29 01:53:19
569,Farah,AF,32.5,62.5,86.92,28,12,0.83,few clouds,2022-07-29 01:53:20
570,Toktogul,KG,41.8708,72.9402,74.44,50,0,0.65,clear sky,2022-07-29 01:53:20
571,Bowen,AU,-20.0167,148.2333,68.9,58,86,13.09,overcast clouds,2022-07-29 01:53:20
572,Winnemucca,US,40.973,-117.7357,96.85,14,0,19.57,clear sky,2022-07-29 01:53:21
573,Udachnyy,RU,66.4167,112.4,79.45,50,14,7.0,few clouds,2022-07-29 01:53:21
574,Konstantinovka,RU,49.6167,127.9833,72.68,85,100,5.7,overcast clouds,2022-07-29 01:53:21
575,Ust-Kulom,RU,61.6864,53.6902,61.14,76,60,2.51,broken clouds,2022-07-29 01:53:22
576,Arman,RU,59.7,150.1667,59.02,89,100,6.76,light rain,2022-07-29 01:53:22
577,Brasilia,BR,-15.7797,-47.9297,63.52,52,0,2.3,clear sky,2022-07-29 01:53:23
578,Zhuhai,CN,22.2769,113.5678,92.86,79,20,5.75,few clouds,2022-07-29 01:53:12
579,Kimbe,PG,-5.5502,150.1429,90.77,52,42,6.26,scattered clouds,2022-07-29 01:53:23
580,Anrochte,DE,51.5667,8.3333,66.54,50,100,5.3,light rain,2022-07-29 01:53:23
581,Bitung,ID,1.4451,125.1824,88.65,80,86,12.37,overcast clouds,2022-07-29 01:53:24
582,Kailua,US,21.4022,-157.7394,84.02,61,0,10.36,clear sky,2022-07-29 01:53:24
583,Calvinia,ZA,-31.4707,19.776,45.09,75,100,14.67,overcast clouds,2022-07-29 01:53:25
584,Ayni,TJ,39.3941,68.5377,73.0,51,12,3.15,few clouds,2022-07-29 01:53:25
585,Kiruna,SE,67.8557,20.2251,45.52,87,100,3.44,overcast clouds,2022-07-29 01:54:25
586,Yigou,CN,35.8114,114.3167,81.9,69,1,8.57,clear sky,2022-07-29 01:54:26
587,Stokmarknes,NO,68.5646,14.9108,53.58,71,100,3.44,overcast clouds,2022-07-29 01:54:26
588,Anchorage,US,61.2181,-149.9003,72.61,41,0,8.05,smoke,2022-07-29 01:50:10
589,Morondava,MG,-20.2833,44.2833,67.77,72,17,7.18,few clouds,2022-07-29 01:51:03
590,Gat,IL,31.61,34.7642,81.39,76,6,2.64,clear sky,2022-07-29 01:54:27
591,Sola,VU,-13.8833,167.55,80.1,78,100,12.24,overcast clouds,2022-07-29 01:53:42
592,Arrifes,PT,37.7667,-25.7,70.05,78,75,3.44,broken clouds,2022-07-29 01:54:27
593,Manggar,ID,-2.8833,108.2667,81.07,83,100,13.15,light rain,2022-07-29 01:54:28
594,Yeppoon,AU,-23.1333,150.7333,67.78,58,76,4.79,broken clouds,2022-07-29 01:54:28
595,San Carlos De Bariloche,AR,-41.1456,-71.3082,40.75,65,0,16.11,clear sky,2022-07-29 01:54:28
596,Yola,NG,9.2,12.4833,71.02,96,94,4.7,light rain,2022-07-29 01:54:29
597,San Jose,US,37.3394,-121.895,80.44,63,40,13.8,smoke,2022-07-29 01:49:46
598,San,ML,13.3034,-4.8956,70.77,90,100,19.42,heavy intensity rain,2022-07-29 01:54:29
599,Fortuna Foothills,US,32.6578,-114.4119,102.25,29,0,11.5,clear sky,2022-07-29 01:54:29
600,Camana,PE,-16.6228,-72.7111,60.91,83,80,9.95,broken clouds,2022-07-29 01:54:30
601,Bela Vista,BR,-22.1089,-56.5211,74.05,34,95,5.28,overcast clouds,2022-07-29 01:54:30
602,Bridgetown,BB,13.1,-59.6167,81.09,74,20,16.11,few clouds,2022-07-29 01:50:07
603,Waingapu,ID,-9.6567,120.2641,82.18,54,89,15.95,overcast clouds,2022-07-29 01:54:31
604,Skibbereen,IE,51.55,-9.2667,62.11,93,100,4.45,overcast clouds,2022-07-29 01:54:31
605,Narva-Joesuu,EE,59.4589,28.0408,60.35,68,100,9.66,overcast clouds,2022-07-29 01:54:31
606,Abu Samrah,SY,35.3029,37.1841,78.37,31,0,5.88,clear sky,2022-07-29 01:54:32
607,Awbari,LY,26.5921,12.7805,80.31,14,4,6.82,clear sky,2022-07-29 01:54:32
608,Taitung,TW,22.7583,121.1444,91.67,58,20,3.44,few clouds,2022-07-29 01:54:32
609,Doha,QA,25.2867,51.5333,91.38,75,40,12.66,scattered clouds,2022-07-29 01:54:33
610,Goderich,CA,43.7501,-81.7165,72.91,73,32,9.22,scattered clouds,2022-07-29 01:49:55
611,Padang,ID,-0.9492,100.3543,73.45,76,86,5.82,light rain,2022-07-29 01:54:33
612,Shakhunya,RU,57.6758,46.6114,59.2,91,0,5.66,clear sky,2022-07-29 01:54:33
613,Lumphat,KH,13.4878,106.9816,82.92,80,62,2.89,broken clouds,2022-07-29 01:54:34
614,Polson,US,47.6936,-114.1632,89.22,31,26,4.18,scattered clouds,2022-07-29 01:54:34
615,Sabang,ID,5.8933,95.3214,79.12,87,100,25.19,light rain,2022-07-29 01:54:34
616,Jiazi,CN,22.8779,116.067,88.25,68,25,5.08,scattered clouds,2022-07-29 01:54:35
617,Engels,RU,51.5,46.1167,72.46,69,1,1.01,clear sky,2022-07-29 01:54:35
618,Loubomo,CG,-4.1997,12.6739,63.66,95,56,2.89,broken clouds,2022-07-29 01:54:35
619,Barillas,GT,15.8036,-91.3158,62.22,98,100,1.5,overcast clouds,2022-07-29 01:54:36
620,Erenhot,CN,43.6475,111.9767,86.43,21,98,16.4,overcast clouds,2022-07-29 01:54:36
621,Buzmeyin,TM,38.0507,58.2056,83.93,54,40,13.8,light rain,2022-07-29 01:54:36
622,Port Pirie,AU,-33.1833,138.0167,60.62,43,100,5.64,overcast clouds,2022-07-29 01:54:37
623,Ekibastuz,KZ,51.6667,75.3667,73.15,52,83,0.89,broken clouds,2022-07-29 01:54:37
624,Salinopolis,BR,-0.6136,-47.3561,78.53,84,16,10.2,few clouds,2022-07-29 01:54:37
625,Richards Bay,ZA,-28.783,32.0377,63.9,87,1,14.76,clear sky,2022-07-29 01:54:38
626,Presidencia Roque Saenz Pena,AR,-26.7852,-60.4388,51.26,69,17,7.78,few clouds,2022-07-29 01:54:38
627,Egvekinot,RU,66.3167,-179.1667,45.34,81,93,3.78,overcast clouds,2022-07-29 01:54:39
628,Acarau,BR,-2.8856,-40.12,77.18,84,89,10.31,overcast clouds,2022-07-29 01:54:39
629,Touros,BR,-5.1989,-35.4608,75.76,84,69,11.41,broken clouds,2022-07-29 01:51:22
630,Leshukonskoye,RU,64.8989,45.7622,63.12,98,70,2.59,broken clouds,2022-07-29 01:54:39
631,Inhambane,MZ,-23.865,35.3833,60.67,82,11,5.79,few clouds,2022-07-29 01:55:40
632,Lewiston,US,44.1003,-70.2148,72.05,96,75,5.75,broken clouds,2022-07-29 01:54:43
633,Bosaso,SO,11.2842,49.1816,89.15,40,2,17.72,clear sky,2022-07-29 01:55:40
634,Sept-Iles,CA,50.2001,-66.3821,60.06,91,40,16.11,scattered clouds,2022-07-29 01:55:41
635,Homer,US,59.6425,-151.5483,66.07,63,0,8.05,clear sky,2022-07-29 01:52:36
636,Tutoia,BR,-2.7619,-42.2744,78.49,82,78,9.44,broken clouds,2022-07-29 01:55:41
637,Esterhazy,CA,50.65,-102.0843,70.65,68,13,2.51,few clouds,2022-07-29 01:55:41
638,Waverly,US,42.7392,-84.6208,68.16,70,46,7.81,scattered clouds,2022-07-29 01:55:42
639,Ghatsila,IN,22.6,86.4833,84.65,66,40,5.01,scattered clouds,2022-07-29 01:55:42
640,Chinhoyi,ZW,-17.3667,30.2,48.33,50,0,3.44,clear sky,2022-07-29 01:55:42
641,Vagur,FO,61.4732,-6.8119,52.03,85,97,16.08,overcast clouds,2022-07-29 01:55:43
642,Mbanza-Ngungu,CD,-5.25,14.8667,63.45,80,54,6.85,broken clouds,2022-07-29 01:55:43
643,Alghero,IT,40.5589,8.3181,68.09,88,0,1.14,clear sky,2022-07-29 01:55:43
644,Oum Hadjer,TD,13.2954,19.6966,77.74,75,100,10.13,overcast clouds,2022-07-29 01:55:44
645,Araouane,ML,18.9048,-3.5265,95.99,24,25,8.52,scattered clouds,2022-07-29 01:55:44
646,Davila,PH,18.4726,120.5763,87.78,73,33,4.41,scattered clouds,2022-07-29 01:55:44
647,Utevka,RU,52.9035,50.9495,61.5,78,84,6.53,broken clouds,2022-07-29 01:55:45
648,Gejiu,CN,23.306,103.1635,65.59,80,88,2.57,overcast clouds,2022-07-29 01:55:45
649,Antalaha,MG,-14.9003,50.2788,66.97,84,37,6.58,scattered clouds,2022-07-29 01:55:45
650,Jiangyou,CN,31.7667,104.7167,82.85,71,71,1.23,broken clouds,2022-07-29 01:55:46
651,Olafsvik,IS,64.8945,-23.7142,44.69,75,61,10.87,broken clouds,2022-07-29 01:55:46
652,Kirkwall,GB,58.9848,-2.9587,55.96,91,38,16.13,scattered clouds,2022-07-29 01:55:47
653,Noumea,NC,-22.2763,166.4572,76.98,99,50,13.89,scattered clouds,2022-07-29 01:55:47
654,Calama,CL,-22.4667,-68.9333,52.29,11,6,13.8,clear sky,2022-07-29 01:55:47
655,Brownwood,US,31.7093,-98.9912,96.12,38,99,12.62,overcast clouds,2022-07-29 01:53:08
656,Sorong,ID,-0.8833,131.25,81.19,81,38,5.88,scattered clouds,2022-07-29 01:55:48
657,Acapulco,MX,16.8634,-99.8901,79.5,82,68,2.15,broken clouds,2022-07-29 01:55:48
658,Ko Samui,TH,9.5357,99.9357,85.91,79,20,0.0,few clouds,2022-07-29 01:55:48
659,Kastamonu,TR,41.5,33.6667,55.22,90,0,1.97,clear sky,2022-07-29 01:55:49
660,Bontang,ID,0.1333,117.5,81.34,79,91,4.12,overcast clouds,2022-07-29 01:55:49
661,Puerto El Triunfo,SV,13.2833,-88.55,79.0,82,93,2.86,overcast clouds,2022-07-29 01:55:49
662,Santa Vitoria Do Palmar,BR,-33.5189,-53.3681,48.69,80,100,13.91,overcast clouds,2022-07-29 01:55:50
663,Sinazongwe,ZM,-17.2614,27.4618,60.57,57,0,3.94,clear sky,2022-07-29 01:55:50
664,Tawang,IN,27.5833,91.8667,62.69,78,26,3.44,scattered clouds,2022-07-29 01:55:50
665,Jelenia Gora,PL,50.8997,15.729,63.45,71,54,4.81,broken clouds,2022-07-29 01:55:51
666,Narsaq,GL,60.9167,-46.05,44.37,71,54,1.16,broken clouds,2022-07-29 01:55:51
667,Sikonge,TZ,-5.6333,32.7667,64.8,60,60,5.91,broken clouds,2022-07-29 01:55:51
668,Pangody,RU,65.85,74.4859,67.35,57,48,5.26,scattered clouds,2022-07-29 01:55:52
